{
  "overall": {
    "BM25": {
      "recall@5": 0.7375,
      "mrr@5": 0.85,
      "hit@5": 0.95
    },
    "Dense": {
      "recall@5": 0.75,
      "mrr@5": 0.8291666666666666,
      "hit@5": 0.95
    },
    "Hybrid (RRF)": {
      "recall@5": 0.7933333333333333,
      "mrr@5": 0.9666666666666666,
      "hit@5": 1.0
    }
  },
  "by_difficulty": {
    "easy": {
      "BM25": {
        "recall@5": 0.7433333333333334,
        "mrr@5": 0.75,
        "hit@5": 0.9
      },
      "Dense": {
        "recall@5": 0.8566666666666667,
        "mrr@5": 0.8083333333333333,
        "hit@5": 1.0
      },
      "Hybrid (RRF)": {
        "recall@5": 0.8433333333333334,
        "mrr@5": 0.9333333333333333,
        "hit@5": 1.0
      }
    },
    "hard": {
      "BM25": {
        "recall@5": 0.7316666666666667,
        "mrr@5": 0.95,
        "hit@5": 1.0
      },
      "Dense": {
        "recall@5": 0.6433333333333333,
        "mrr@5": 0.85,
        "hit@5": 0.9
      },
      "Hybrid (RRF)": {
        "recall@5": 0.7433333333333334,
        "mrr@5": 1.0,
        "hit@5": 1.0
      }
    }
  },
  "per_question": [
    {
      "qid": "e1",
      "difficulty": "easy",
      "question": "Đầu vào chính của bài toán quy hoạch đường đi an toàn đa đích gồm những gì?",
      "n_relevant": 1,
      "methods": {
        "BM25": {
          "recall@5": 0.0,
          "mrr@5": 0.0,
          "hit@5": 0.0,
          "top5": [
            1,
            11,
            9,
            10,
            7
          ]
        },
        "Dense": {
          "recall@5": 1.0,
          "mrr@5": 0.3333333333333333,
          "hit@5": 1.0,
          "top5": [
            1,
            8,
            2,
            9,
            13
          ]
        },
        "Hybrid (RRF)": {
          "recall@5": 1.0,
          "mrr@5": 0.3333333333333333,
          "hit@5": 1.0,
          "top5": [
            1,
            9,
            2,
            8,
            13
          ]
        }
      }
    },
    {
      "qid": "e2",
      "difficulty": "easy",
      "question": "Đầu ra của bài toán là gì?",
      "n_relevant": 1,
      "methods": {
        "BM25": {
          "recall@5": 1.0,
          "mrr@5": 0.5,
          "hit@5": 1.0,
          "top5": [
            9,
            2,
            11,
            7,
            3
          ]
        },
        "Dense": {
          "recall@5": 1.0,
          "mrr@5": 0.25,
          "hit@5": 1.0,
          "top5": [
            19,
            5,
            17,
            2,
            20
          ]
        },
        "Hybrid (RRF)": {
          "recall@5": 1.0,
          "mrr@5": 1.0,
          "hit@5": 1.0,
          "top5": [
            2,
            9,
            3,
            11,
            10
          ]
        }
      }
    },
    {
      "qid": "e3",
      "difficulty": "easy",
      "question": "Robot phải thỏa mãn những ràng buộc nào khi thăm các mục tiêu?",
      "n_relevant": 5,
      "methods": {
        "BM25": {
          "recall@5": 0.6,
          "mrr@5": 0.5,
          "hit@5": 1.0,
          "top5": [
            9,
            2,
            8,
            16,
            6
          ]
        },
        "Dense": {
          "recall@5": 0.4,
          "mrr@5": 1.0,
          "hit@5": 1.0,
          "top5": [
            6,
            2,
            9,
            1,
            13
          ]
        },
        "Hybrid (RRF)": {
          "recall@5": 0.6,
          "mrr@5": 1.0,
          "hit@5": 1.0,
          "top5": [
            2,
            9,
            6,
            16,
            8
          ]
        }
      }
    },
    {
      "qid": "e4",
      "difficulty": "easy",
      "question": "Mục tiêu tối ưu tổng quát của bài toán được mô hình hóa như thế nào?",
      "n_relevant": 6,
      "methods": {
        "BM25": {
          "recall@5": 0.6666666666666666,
          "mrr@5": 1.0,
          "hit@5": 1.0,
          "top5": [
            9,
            11,
            16,
            14,
            7
          ]
        },
        "Dense": {
          "recall@5": 0.5,
          "mrr@5": 1.0,
          "hit@5": 1.0,
          "top5": [
            13,
            9,
            7,
            17,
            8
          ]
        },
        "Hybrid (RRF)": {
          "recall@5": 0.6666666666666666,
          "mrr@5": 1.0,
          "hit@5": 1.0,
          "top5": [
            9,
            13,
            7,
            16,
            14
          ]
        }
      }
    },
    {
      "qid": "e5",
      "difficulty": "easy",
      "question": "Chỉ số an toàn `S(c)` của một ô lưới phụ thuộc vào những yếu tố nào?",
      "n_relevant": 2,
      "methods": {
        "BM25": {
          "recall@5": 1.0,
          "mrr@5": 1.0,
          "hit@5": 1.0,
          "top5": [
            4,
            5,
            2,
            13,
            15
          ]
        },
        "Dense": {
          "recall@5": 1.0,
          "mrr@5": 1.0,
          "hit@5": 1.0,
          "top5": [
            4,
            5,
            12,
            13,
            1
          ]
        },
        "Hybrid (RRF)": {
          "recall@5": 1.0,
          "mrr@5": 1.0,
          "hit@5": 1.0,
          "top5": [
            4,
            5,
            13,
            2,
            12
          ]
        }
      }
    },
    {
      "qid": "e6",
      "difficulty": "easy",
      "question": "Độ rủi ro va chạm `risk(P)` được hiểu như thế nào?",
      "n_relevant": 3,
      "methods": {
        "BM25": {
          "recall@5": 0.6666666666666666,
          "mrr@5": 1.0,
          "hit@5": 1.0,
          "top5": [
            5,
            4,
            6,
            14,
            2
          ]
        },
        "Dense": {
          "recall@5": 0.6666666666666666,
          "mrr@5": 1.0,
          "hit@5": 1.0,
          "top5": [
            5,
            6,
            4,
            13,
            1
          ]
        },
        "Hybrid (RRF)": {
          "recall@5": 0.6666666666666666,
          "mrr@5": 1.0,
          "hit@5": 1.0,
          "top5": [
            5,
            6,
            4,
            2,
            13
          ]
        }
      }
    },
    {
      "qid": "e7",
      "difficulty": "easy",
      "question": "Độ rủi ro phóng xạ `R(P)` biểu diễn điều gì, tính như thế nào?",
      "n_relevant": 2,
      "methods": {
        "BM25": {
          "recall@5": 1.0,
          "mrr@5": 1.0,
          "hit@5": 1.0,
          "top5": [
            6,
            5,
            9,
            14,
            4
          ]
        },
        "Dense": {
          "recall@5": 1.0,
          "mrr@5": 1.0,
          "hit@5": 1.0,
          "top5": [
            6,
            5,
            13,
            4,
            2
          ]
        },
        "Hybrid (RRF)": {
          "recall@5": 1.0,
          "mrr@5": 1.0,
          "hit@5": 1.0,
          "top5": [
            6,
            5,
            4,
            9,
            8
          ]
        }
      }
    },
    {
      "qid": "e8",
      "difficulty": "easy",
      "question": "Quy trình tối ưu hóa được chia thành hai pha nào?",
      "n_relevant": 2,
      "methods": {
        "BM25": {
          "recall@5": 1.0,
          "mrr@5": 0.5,
          "hit@5": 1.0,
          "top5": [
            16,
            17,
            10,
            8,
            13
          ]
        },
        "Dense": {
          "recall@5": 1.0,
          "mrr@5": 0.5,
          "hit@5": 1.0,
          "top5": [
            7,
            17,
            18,
            13,
            8
          ]
        },
        "Hybrid (RRF)": {
          "recall@5": 1.0,
          "mrr@5": 1.0,
          "hit@5": 1.0,
          "top5": [
            17,
            16,
            8,
            7,
            13
          ]
        }
      }
    },
    {
      "qid": "e9",
      "difficulty": "easy",