{
  "n_questions": 325,
  "total_latency": 8174.553,
  "avg_latency": 25.152470769230767,
  "total_tokens": 5712499,
  "avg_tokens": 17576.92,
  "retrieval": {
    "hit@5": 0.7230769230769231,
    "precision@5": 0.24492307692307694,
    "recall@5": 0.6184017094017094,
    "mrr@5": 0.6003076923076923,
    "map@5": 0.5113018315018315,
    "ndcg@5": 0.5673201507271218
  },
  "ragas": {
    "faithfulness": 0.7724923076923077,
    "answer_relevancy": 0.7251384615384615,
    "answer_correctness": 0.6556615384615385,
    "semantic_similarity": 0.6753538461538462,
    "context_precision": 0.7133538461538461,
    "context_recall": 0.7231384615384616,
    "context_entity_recall": 0.7227692307692308,
    "noise_sensitivity": 0.2462153846153846
  },
  "by_difficulty": {
    "easy": {
      "hit@5": 0.6638655462184874,
      "precision@5": 0.17983193277310927,
      "recall@5": 0.6128851540616247,
      "mrr@5": 0.5560224089635855,
      "map@5": 0.498781512605042,
      "ndcg@5": 0.5419752449077249,
      "n": 119,
      "avg_latency": 16.710890756302522,
      "avg_tokens": 6910.310924369748
    },
    "hard": {
      "hit@5": 0.9294117647058824,
      "precision@5": 0.4164705882352941,
      "recall@5": 0.7039449112978525,
      "mrr@5": 0.7892156862745098,
      "map@5": 0.6089257703081232,
      "ndcg@5": 0.6988040897491962,
      "n": 85,
      "avg_latency": 48.99062352941176,
      "avg_tokens": 42592.42352941177
    },
    "medium": {
      "hit@5": 0.6363636363636364,
      "precision@5": 0.1884297520661157,
      "recall@5": 0.5637347500983865,
      "mrr@5": 0.5111570247933884,
      "map@5": 0.45503640299094844,
      "ndcg@5": 0.4998813819306914,
      "n": 121,
      "avg_latency": 16.708710743801653,
      "avg_tokens": 10494.347107438016
    }
  },
  "per_question_path": "E:\\TeamHN-RAG-Agent\\evaluation\\data_hung_runs\\per_question.jsonl"
}